{"IcoMoonType":"selection","icons":[{"icon":{"paths":["M1917.565 552.226c22.209-22.216 22.209-58.236 0-80.452l-362.041-362.039c-22.221-22.216-58.243-22.216-80.452 0-22.221 22.217-22.221 58.236 0 80.453l321.809 321.812-321.809 321.812c-22.221 22.216-22.221 58.236 0 80.452 22.209 22.217 58.231 22.217 80.452 0l362.041-362.039zM0 568.889h1877.333v-113.778h-1877.333v113.778z"],"attrs":[{"fill":"rgb(44, 97, 173)"}],"width":1934,"isMulticolor":false,"isMulticolor2":false,"grid":0,"tags":["ar-btn"],"colorPermutations":{"199199199144971731":[{"f":0}]}},"attrs":[{"fill":"rgb(44, 97, 173)"}],"properties":{"order":4,"id":2,"name":"ar-btn","prevSize":32,"code":59648},"setIdx":0,"setId":2,"iconIdx":0},{"icon":{"paths":["M82.745 466.746c-24.994 24.993-24.994 65.516 0 90.509l407.294 407.293c24.993 24.995 65.516 24.995 90.509 0 24.995-24.993 24.995-65.516 0-90.509l-362.038-362.039 362.038-362.039c24.995-24.993 24.995-65.516 0-90.509-24.993-24.994-65.516-24.994-90.509 0l-407.294 407.294zM128 576h1856v-128h-1856v128z"],"attrs":[{"fill":"rgb(199, 199, 199)"}],"width":2048,"isMulticolor":false,"isMulticolor2":false,"grid":0,"tags":["ar-left"],"colorPermutations":{"199199199144971731":[{"f":1}]}},"attrs":[{"fill":"rgb(199, 199, 199)"}],"properties":{"order":2,"id":1,"name":"ar-left","prevSize":32,"code":59649},"setIdx":0,"setId":2,"iconIdx":1},{"icon":{"paths":["M1965.261 557.254c24.986-24.993 24.986-65.516 0-90.509l-407.296-407.294c-24.998-24.994-65.523-24.994-90.509 0-24.998 24.994-24.998 65.516 0 90.509l362.035 362.039-362.035 362.039c-24.998 24.993-24.998 65.516 0 90.509 24.986 24.995 65.51 24.995 90.509 0l407.296-407.293zM1920 448h-1856v128h1856v-128z"],"attrs":[{"fill":"rgb(199, 199, 199)"}],"width":2048,"isMulticolor":false,"isMulticolor2":false,"grid":0,"tags":["ar-right"],"colorPermutations":{"199199199144971731":[{"f":1}]}},"attrs":[{"fill":"rgb(199, 199, 199)"}],"properties":{"order":3,"id":0,"name":"ar-right","prevSize":32,"code":59650},"setIdx":0,"setId":2,"iconIdx":2}],"height":1024,"metadata":{"name":"icomoon"},"preferences":{"showGlyphs":true,"showQuickUse":true,"showQuickUse2":true,"showSVGs":true,"fontPref":{"prefix":"icon-","metadata":{"fontFamily":"icomoon"},"metrics":{"emSize":1024,"baseline":6.25,"whitespace":50},"embed":false},"imagePref":{"prefix":"icon-","png":true,"useClassSelector":true,"color":0,"bgColor":16777215,"classSelector":".icon"},"historySize":50,"showCodes":true,"gridSize":16}}